region_name,mae,r2,rows
Eastern Mediterranean Region,3.935392622427496,-2.6356068802105703,14
African Region,1.1243164025918284,-1.995186931691502,14
European Region,1.1148396345929663,0.3161963553739675,14
Region of the Americas,2.5330887167432374,-5.24255318870587,14
Western Pacific Region,4.041079867967393,-19.55977270568233,14
South-East Asia Region,1.8823561263466309,-0.5456701631157677,14
Overall,2.438512228444926,0.8850574035086066,84
