suicide_rate,depression_dalys_rate,addiction_death_rate,selfharm_death_rate,suicide_rate_z,depression_dalys_rate_z,addiction_death_rate_z,selfharm_death_rate_z,cluster,cluster_label,count
93.09125498736982,670.5406245603024,16.68657264219488,13.56988179683105,-0.20191925126299573,-0.26375157409143607,2.672328886104729,0.6347017603529533,0,Cluster B,16
84.32184672596756,620.0324750260954,2.5216382237789396,8.30728225152053,-0.5512058460774955,-0.5116463238843798,-0.3124234099034406,-0.300883700527881,1,Cluster A,106
123.53843284430289,919.5257390018114,3.254310292811617,12.00427446407451,1.0107955361380712,0.9582710740525772,-0.15803902832641006,0.35636793590669047,2,Cluster C,61
