k,silhouette,inertia
3,0.3502758874137033,6.855114609991155
4,0.33861843361342747,5.908535778791523
5,0.3827976777611723,4.746746062469439
6,0.38087529900932277,4.207679341960022
