region_name,mae,rmse,rows
Overall,1.2841078598281628,1.4767102064586126,18
African Region,0.9953707071572117,1.0668832102421393,3
Eastern Mediterranean Region,2.239533486928797,2.2739487830035636,3
European Region,1.09006830665966,1.106244553959511,3
Region of the Americas,1.2705051194405381,1.2952231634617724,3
South-East Asia Region,0.4658729292661879,0.6063762818333848,3
Western Pacific Region,1.6432966095165824,1.872400357731003,3
