feature,p10,median,p90
suicide_rate,66.92290775646991,96.13589497545183,129.0875299236328
depression_dalys_rate,483.62975073987474,717.732706558382,996.2980285235017
addiction_death_rate,0.8697694987705419,2.283239183309762,8.451006046799296
selfharm_death_rate,3.1851121594767493,9.597659857928225,16.912915529925158
