k,inertia,silhouette
3,402.0202968313387,0.31917468303881885
4,313.73801082376417,0.28387968502878386
5,252.51548462516854,0.29719079500232026
6,222.9919738083977,0.29331432412742225
