feature,coef,mean,scale
_intercept,96.45063473740906,,
depression_dalys_rate,21.27188494734285,713.1637606761716,206.79263904627356
addiction_death_rate,-0.03122401134183418,3.930557166446485,4.669921668290795
selfharm_death_rate,5.871548093523639,9.769725748306733,5.6156714994604116
