r2,mae,rows
0.7053177713743972,7.620970627593088,2562
