feature,importance_mean,importance_std
depression_dalys_rate,1.3489661511416444,0.03258429066827311
selfharm_death_rate,0.10178339911310634,0.005258027667832876
addiction_death_rate,3.331764542408022e-06,2.2252936055886956e-05
