quantile,pinball_loss,mae,interval_coverage_10_90
0.1,1.9312818721899068,,0.8110850897736144
0.5,2.5273222827465696,5.054644565493139,0.8110850897736144
0.9,1.6911331093539288,,0.8110850897736144
