feature,base_value,new_value,delta_prediction,pct_change_prediction,base_prediction,new_prediction
depression_dalys_rate,706.2362662684229,776.8598928952653,7.264754041047483,7.608111799581911,95.48695172232752,102.751705763375
selfharm_death_rate,9.519043954801353,10.470948350281489,0.9952776687587954,1.0423179825166329,95.48695172232752,96.4822293910863
addiction_death_rate,2.2819209188833876,2.5101130107717267,-0.0015257370404343734,-0.0015978487247882407,95.48695172232752,95.48542598528708
