slope,volatility,peak_value,last5_change,mean_rate,slope_z,volatility_z,peak_value_z,last5_change_z,mean_rate_z,cluster,cluster_label,count
0.17361120817770612,4.059361720373755,88.59842769693151,1.4225903713228738,80.05954110060813,-0.23018288072163867,-0.7685156610202045,-0.7701489285308799,-0.21354294225660242,-0.6341172409218366,0,Cluster A,79
0.7181857417847228,11.280665705893899,126.92855487124537,7.909366942140407,102.68117231804864,1.032928348990507,0.6069668155727551,0.48248440997211994,1.0136117521643948,0.3251493091331174,1,Cluster B,58
-0.11822182288889238,11.005403799643457,134.02194133613892,-2.265750166927844,111.02708981361873,-0.9070738405313034,0.5545361286386159,0.7142971646860145,-0.9112954171144193,0.6790565674587898,2,Cluster C,46
