k,silhouette,inertia
3,0.29738860354019,484.5796842785187
4,0.27379398383420084,408.3516795513309
5,0.2602331284068498,343.67632739086935
6,0.26940161622917774,304.467354598507
