model,mae_mean,mae_std,r2_mean,r2_std
Ridge,2.147218839935695,0.31634195440396873,0.7538156268355591,0.044109830107630574
RandomForest,2.326004166666666,0.4623056341314621,0.6756445043818358,0.0502798578288042
