model,mae,r2
Ridge,2.482171478076257,0.7708750458660933
RandomForest,2.9645054347826103,0.6217435226967418
