k,inertia,silhouette
3,404.4834044102164,0.3182219072695984
4,320.3824199900848,0.2985922674661074
5,263.3743923979581,0.2905908450630886
6,225.33775615472533,0.29588979989698605
