age_standardized_suicide_rate_2021,gbd_depression_dalys_rate_both,gbd_addiction_death_rate_both,gbd_selfharm_death_rate_both,age_standardized_suicide_rate_2021_z,gbd_depression_dalys_rate_both_z,gbd_addiction_death_rate_both_z,gbd_selfharm_death_rate_both_z,cluster,cluster_label,count
10.78,617.0544726189687,16.199210531188154,10.927233534812395,0.27337412724455223,-0.4347643517417658,2.740733454842977,0.49374843819044545,0,Cluster B,15
4.982474226804124,691.4383088377816,2.095631640613091,5.471952187754841,-0.6771257068047869,-0.06321985786152541,-0.3902592376921396,-0.6753110470465652,1,Cluster A,97
14.40281690140845,739.7754603807733,3.6469934178431322,12.441692659032881,0.8673321359351559,0.17822241533372465,-0.0458571234719313,0.8182949998684524,2,Cluster C,71
